ProductDescriptionID,Description,ModifiedDate
3,Chromoly steel.,2007-06-01 00:00:00.000
4,Aluminum alloy cups; large diameter spindle.,2007-06-01 00:00:00.000
5,Aluminum alloy cups and a hollow axle.,2007-06-01 00:00:00.000
8,"Suitable for any type of riding, on or off-road. Fits any budget. Smooth-shifting with a comfortable ride.",2007-06-01 00:00:00.000
64,"This bike delivers a high-level of performance on a budget. It is responsive and maneuverable, and offers peace-of-mind when you decide to go off-road.",2007-06-01 00:00:00.000
88,For true trail addicts.  An extremely durable bike that will go anywhere and keep you in control on challenging terrain - without breaking your budget.,2007-06-01 00:00:00.000
128,Serious back-country riding. Perfect for all levels of competition. Uses the same HL Frame as the Mountain-100.,2008-03-11 10:32:17.973
168,"Top-of-the-line competition mountain bike. Performance-enhancing options include the innovative HL Frame, super-smooth front suspension, and traction for all terrain.",2007-06-01 00:00:00.000
170,Suitable for any type of off-road trip. Fits any budget.,2007-06-01 00:00:00.000
209,Entry level adult bike; offers a comfortable ride cross-country or down the block. Quick-release hubs and rims.,2007-06-01 00:00:00.000
249,"Value-priced bike with many features of our top-of-the-line models. Has the same light, stiff frame, and the quick acceleration we're famous for.",2007-06-01 00:00:00.000
320,"Same technology as all of our Road series bikes, but the frame is sized for a woman.  Perfect all-around bike for road or racing.",2007-06-01 00:00:00.000
321,Same technology as all of our Road series bikes.  Perfect all-around bike for road or racing.,2007-06-01 00:00:00.000
337,"A true multi-sport bike that offers streamlined riding and a revolutionary design. Aerodynamic design lets you ride with the pros, and the gearing will conquer hilly roads.",2007-06-01 00:00:00.000
375,"Cross-train, race, or just socialize on a sleek, aerodynamic bike.  Advanced seat technology provides comfort all day.",2007-06-01 00:00:00.000
376,"Cross-train, race, or just socialize on a sleek, aerodynamic bike designed for a woman.  Advanced seat technology provides comfort all day.",2007-06-01 00:00:00.000
409,"Alluminum-alloy frame provides a light, stiff ride, whether you are racing in the velodrome or on a demanding club ride on country roads.",2007-06-01 00:00:00.000
457,"This bike is ridden by race winners. Developed with the Adventure Works Cycles professional race team, it has a extremely light heat-treated aluminum frame, and steering that allows precision control.",2007-06-01 00:00:00.000
513,"All-occasion value bike with our basic comfort and safety features. Offers wider, more stable tires for a ride around town or weekend trip.",2007-06-01 00:00:00.000
554,"The plush custom saddle keeps you riding all day,  and there's plenty of space to add panniers and bike bags to the newly-redesigned carrier.  This bike has stability when fully-loaded.",2007-06-01 00:00:00.000
594,Travel in style and comfort. Designed for maximum comfort and safety. Wide gear range takes on all hills. High-tech aluminum alloy construction provides durability without added weight.,2007-06-01 00:00:00.000
613,Superior shifting performance.,2007-06-01 00:00:00.000
618,Super rigid spindle.,2007-06-01 00:00:00.000
619,High-strength crank arm.,2007-06-01 00:00:00.000
620,Triple crankset; alumunim crank arm; flawless shifting.,2007-06-01 00:00:00.000
627,All-weather brake pads; provides superior stopping by applying more surface to the rim.,2007-06-01 00:00:00.000
630,Wide-link design.,2007-06-01 00:00:00.000
633,Stout design absorbs shock and offers more precise steering.,2007-06-01 00:00:00.000
634,Composite road fork with an aluminum steerer tube.,2007-06-01 00:00:00.000
635,High-performance carbon road fork with curved legs.,2007-06-01 00:00:00.000
637,"Our best value utilizing the same, ground-breaking frame technology as the ML aluminum frame.",2007-06-01 00:00:00.000
642,The ML frame is a heat-treated aluminum frame made with the same detail and quality as our HL frame. It offers superior performance. Men's version.,2007-06-01 00:00:00.000
644,The ML frame is a heat-treated aluminum frame made with the same detail and quality as our HL frame. It offers superior performance. Women's version.,2007-06-01 00:00:00.000
647,Each frame is hand-crafted in our Bothell facility to the optimum diameter and wall-thickness required of a premium mountain frame. The heat-treated welded aluminum frame has a larger diameter tube that absorbs the bumps.,2007-06-01 00:00:00.000
661,"Made from the same aluminum alloy as our top-of-the line HL frame, the ML features a lightweight down-tube milled to the perfect diameter for optimal strength. Women's version.",2007-06-01 00:00:00.000
686,Replacement mountain wheel for entry-level rider.,2007-06-01 00:00:00.000
687,Replacement mountain wheel for the casual to serious rider.,2007-06-01 00:00:00.000
688,High-performance mountain replacement wheel.,2007-06-01 00:00:00.000
689,Replacement road front wheel for entry-level cyclist.,2007-06-01 00:00:00.000
690,Sturdy alloy features a quick-release hub.,2007-06-01 00:00:00.000
691,Strong wheel with double-walled rim.,2007-06-01 00:00:00.000
692,Aerodynamic rims for smooth riding.,2007-06-01 00:00:00.000
697,All-purpose bar for on or off-road.,2007-06-01 00:00:00.000
698,Tough aluminum alloy bars for downhill.,2007-06-01 00:00:00.000
699,Flat bar strong enough for the pro circuit.,2007-06-01 00:00:00.000
700,Unique shape provides easier reach to the levers.,2007-06-01 00:00:00.000
701,Anatomically shaped aluminum tube bar will suit all riders.,2007-06-01 00:00:00.000
702,Designed for racers; high-end anatomically shaped bar from aluminum alloy.,2007-06-01 00:00:00.000
703,Unique shape reduces fatigue for entry level riders.,2007-06-01 00:00:00.000
704,A light yet stiff aluminum bar for long distance riding.,2007-06-01 00:00:00.000
744,Threadless headset provides quality at an economical price.,2007-06-01 00:00:00.000
745,Sealed cartridge keeps dirt out.,2007-06-01 00:00:00.000
746,"High-quality 1"" threadless headset with a grease port for quick lubrication.",2007-06-01 00:00:00.000
847,Expanded platform so you can ride in any shoes; great for all-around riding.,2007-06-01 00:00:00.000
848,"Lightweight, durable, clipless pedal with adjustable tension.",2007-06-01 00:00:00.000
849,Stainless steel; designed to shed mud easily.,2007-06-01 00:00:00.000
850,Clipless pedals - aluminum.,2007-06-01 00:00:00.000
851,Lightweight aluminum alloy construction.,2007-06-01 00:00:00.000
852,Top-of-the-line clipless pedals with adjustable tension.,2007-06-01 00:00:00.000
853,A stable pedal for all-day riding.,2007-06-01 00:00:00.000
856,Refillable shoes; polished aluminum calipers.,2007-06-01 00:00:00.000
858,10-speed aluminum derailleur with sealed pulley bearings.,2007-06-01 00:00:00.000
867,Replacement rear mountain wheel for entry-level rider.,2007-06-01 00:00:00.000
868,Replacement rear mountain wheel for the casual to serious rider.,2007-06-01 00:00:00.000
869,Extra-strong rims guarantee durability.,2007-06-01 00:00:00.000
870,Replacement rear wheel for entry-level cyclist.,2007-06-01 00:00:00.000
871,Aluminum alloy rim with stainless steel spokes; built for speed.,2007-06-01 00:00:00.000
872,Strong rear wheel with double-walled rim.,2007-06-01 00:00:00.000
873,Excellent aerodynamic rims guarantee a smooth ride.,2007-06-01 00:00:00.000
885,Synthetic leather. Features gel for increased comfort.,2007-06-01 00:00:00.000
886,Designed to absorb shock.,2008-03-11 10:32:17.973
887,Anatomic design for a full-day of riding in comfort. Durable leather.,2007-06-01 00:00:00.000
888,Lightweight foam-padded saddle.,2007-06-01 00:00:00.000
889,Rubber bumpers absorb bumps.,2007-06-01 00:00:00.000
890,Lightweight kevlar racing saddle. Leather.,2007-06-01 00:00:00.000
891,"Comfortable, ergonomically shaped gel saddle.",2007-06-01 00:00:00.000
892,New design relieves pressure for long rides.,2007-06-01 00:00:00.000
893,Cut-out shell for a more comfortable ride.,2007-06-01 00:00:00.000
903,"Comparible traction, less expensive wire bead casing.",2007-06-01 00:00:00.000
904,"Great traction, high-density rubber.",2007-06-01 00:00:00.000
905,"Incredible traction, lightweight carbon reinforced.",2007-06-01 00:00:00.000
906,Same great treads as more expensive tire with a less expensive wire bead casing.,2007-06-01 00:00:00.000
907,Higher density rubber.,2007-06-01 00:00:00.000
908,Lightweight carbon reinforced  for an unrivaled ride at an un-compromised weight.,2007-06-01 00:00:00.000
909,High-density rubber.,2007-06-01 00:00:00.000
912,Self-sealing tube.,2007-06-01 00:00:00.000
913,Conventional all-purpose tube.,2007-06-01 00:00:00.000
914,General purpose tube.,2007-06-01 00:00:00.000
1020,"The LL Frame provides a safe comfortable ride, while offering superior bump absorption in a value-priced aluminum frame.",2007-06-01 00:00:00.000
1062,"Made from the same aluminum alloy as our top-of-the line HL frame, the ML features a lightweight down-tube milled to the perfect diameter for optimal strength. Men's version.",2007-06-01 00:00:00.000
1090,Our lightest and best quality aluminum frame made from the newest alloy; it is welded and heat-treated for strength. Our innovative design results in maximum comfort and performance.,2007-06-01 00:00:00.000
1146,Lightweight butted aluminum frame provides a more upright riding position for a trip around town.  Our ground-breaking design provides optimum comfort.,2007-06-01 00:00:00.000
1182,The HL aluminum frame is custom-shaped for both good looks and strength; it will withstand the most rigorous challenges of daily riding. Men's version.,2007-06-01 00:00:00.000
1183,Affordable light for safe night riding - uses 3 AAA batteries,2007-06-01 00:00:00.000
1185,Aluminum cage is lighter than our mountain version; perfect for long distance trips.,2007-06-01 00:00:00.000
1186,AWC logo water bottle - holds 30 oz; leak-proof.,2007-06-01 00:00:00.000
1187,"Carries 4 bikes securely; steel construction, fits 2"" receiver hitch.",2007-06-01 00:00:00.000
1188,Clip-on fenders fit most mountain bikes.,2007-06-01 00:00:00.000
1189,Combination of natural and synthetic fibers stays dry and provides just the right cushioning.,2007-06-01 00:00:00.000
1191,Designed for convenience. Fits in your pocket. Aluminum barrel. 160psi rated.,2007-06-01 00:00:00.000
1192,"Designed for the AWC team with stay-put straps, moisture-control, chamois padding, and leg grippers.",2007-06-01 00:00:00.000
1193,"Durable, water-proof nylon construction with easy access. Large enough for weekend trips.",2007-06-01 00:00:00.000
1194,"Full padding, improved finger flex, durable palm, adjustable closure.",2007-06-01 00:00:00.000
1195,"Synthetic palm, flexible knuckles, breathable mesh upper. Worn by the AWC team riders.",2007-06-01 00:00:00.000
1196,"Heavy duty, abrasion-resistant shorts feature seamless, lycra inner shorts with anti-bacterial chamois for comfort.",2007-06-01 00:00:00.000
1197,"Includes 8 different size patches, glue and sandpaper.",2007-06-01 00:00:00.000
1199,"Light-weight, wind-resistant, packs to fit into a pocket.",2007-06-01 00:00:00.000
1200,Men's 8-panel racing shorts - lycra with an elastic waistband and leg grippers.,2007-06-01 00:00:00.000
1201,Perfect all-purpose bike stand for working on your bike at home. Quick-adjusting clamps and steel construction.,2007-06-01 00:00:00.000
1202,Rechargeable dual-beam headlight.,2007-06-01 00:00:00.000
1203,Rugged weatherproof headlight.,2007-06-01 00:00:00.000
1205,"Short sleeve classic breathable jersey with superior moisture control, front zipper, and 3 back pockets.",2007-06-01 00:00:00.000
1206,Simple and light-weight. Emergency patches stored in handle.,2007-06-01 00:00:00.000
1208,"Thin, lightweight and durable with cuffs that stay up.",2007-06-01 00:00:00.000
1209,Tough aluminum cage holds bottle securly on tough terrain.,2007-06-01 00:00:00.000
1210,Traditional style with a flip-up brim; one-size fits all.,2007-06-01 00:00:00.000
1211,Unisex long-sleeve AWC logo microfiber cycling jersey,2007-06-01 00:00:00.000
1212,"Universal fit, well-vented, lightweight , snap-on visor.",2007-06-01 00:00:00.000
1213,"Versatile 70 oz hydration pack offers extra storage, easy-fill access, and a waist belt.",2007-06-01 00:00:00.000
1214,Warm spandex tights for winter riding; seamless chamois construction eliminates pressure points.,2007-06-01 00:00:00.000
1215,"Washes off the toughest road grime; dissolves grease, environmentally safe. 1-liter bottle.",2007-06-01 00:00:00.000
1216,"Wraps to fit front and rear tires, carrier and 2 keys included.",2007-06-01 00:00:00.000
1360,??????? ?????????,2007-06-01 00:00:00.000
1361,?????? ?? ????? ??????????? ??? ???? ????? ???? ?????.,2007-06-01 00:00:00.000
1362,?????? ?? ????? ?????????? ????? ????.,2007-06-01 00:00:00.000
1363,?????? ??? ??? ?? ????? ???????? ????? ??? ????? ??????? ?? ??? ???????. ?????? ??? ???????. ??? ????? ??? ?? ????? ?????.,2007-06-01 00:00:00.000
1364,???? ??? ??????? ????? ?????? ?? ?????? ?? ???? ??????? ?????. ??? ????? ????? ????????? ???????? ?????? ????????? ??? ???????? ??? ????????? ??????? ???? ???? ????? ?? ??????? ??? ????? ??? ???????.,2007-06-01 00:00:00.000
1365,?????? ????? ???????? ?? ??????? ??? ???????. ????? ????? ?????? ????? ???????? ??? ??? ?? ???? ??? ????? ?? ?? ???? ??? ????? ??????? ?? ??? ??? ?? ?????? ????????.,2007-06-01 00:00:00.000
1366,?????? ????????? ?? ??????? ???????. ????? ????? ????? ??????? ????????. ?????? ??? ???? HL Frame ???????? ?? ???? Mountain-100.,2007-06-01 00:00:00.000
1367,????? ?????? ????? ??????? ?? ?????? ?? ???? ????. ????? ?????? ????? ?????? ???? HL Frame ????????? ???????? ??????? ?? ??????? ???????? ???? ???? ???????? ????? ????? ???????.,2007-06-01 00:00:00.000
1368,?????? ????? ????? ??????? ??? ????? ??? ???????. ????? ??? ???????.,2007-06-01 00:00:00.000
1369,???? ????? ?????? ????????? ?? ????????? ??? ???? ????? ????? ????? ??? ????? ?????? ?? ?? ???? ???????. ????? ????? ???????? ????????? ????????? ????? ???????.,2007-06-01 00:00:00.000
1370,???? ????? ??? ??? ????? ?????????? ??? ????? ??????? ?? ????? ???? ?????? ????????. ???? ????? ????? ??? ????? ?? ?? ???? ???? ????? ????? ?? ???????.,2007-06-01 00:00:00.000
1371,???? ??? ??????? ???????? ?? ???? ?????? ????? ?????? ?????? ???? ???? ??????? ?? ?? ????? ???? ?????? ??????? ????????. ???? ????? ?????? ???? ?????? ?? ???????? ?????? ??????? ??? ????? ??????? ?? ??????? ?? ????????.,2007-06-01 00:00:00.000
1372,???? ??? ??????? ???????? ?? ???? ?????? ????? ?????? ?????. ???? ????? ?????? ?????? ???????? ????? ??????? ??? ????? ??????? ?? ??????? ?? ????????.,2007-06-01 00:00:00.000
1373,???? ????? ???? ?????? ?? ???????? ??? ????? ?????? ???? ?????? ???????? ??? ????? ?????? ???????. ???? ?? ??????? ?????????? ??????? ??????? ??????? ?? ?????????? ??? ???? ????? ????? ?????? ???????? ???? ????? ???????? ????? ????????.,2007-06-01 00:00:00.000
1374,????? ???????? ??? ??????? ??????? ???? ????? ?????? ??????????? ???????? ?????? ??? ?????? ?????? ?? ??????? ?? ???? ???????? ?? ???? ???????. ????? ?? ????? ??????? ???????? ?????? ???? ?????.,2007-06-01 00:00:00.000
1375,?????? ???????? ??? ??????? ??????? ???? ????? ?????? ??????????? ???????? ???????? ?????? ?????? ??? ?????? ?????? ?? ??????? ?? ???? ???????? ?? ???? ???????. ????? ??? ????? ??????? ???????? ?????? ???? ?????.,2007-06-01 00:00:00.000
1376,???? ?????? ??????? ?? ????? ???????? ????? ???? ?????? ?????? ?? ??? ?????? ????? ??? ?????? ?? ???? ???? ?????? ?? ?? ???? ????? ?????? ???? ? ???? ??????? ? ???? ????? ?????.,2007-06-01 00:00:00.000
1377,???? ??????? ???? ?????? ???????? ??????? ????????. ?????? ???? ?? ??????? ?? ???? ???? ???? ????????? Adventure Works Cycles? ??? ?? ????? ?????? ?? ?????????? ?????? ???????? ???????? ??? ??????? ????? ????? ???? ??????? ?????? ?? ???????.,2007-06-01 00:00:00.000
1378,???? ????? ????? ???? ????? ????????? ??? ????? ??? ????? ?????? ??????? ???????? ?? ????????. ??? ????? ??????? ???? ????? ??????? ?? ????? ??? ????? ??????? ?? ????? ?????? ?? ????? ????? ??????? ?????????.,2007-06-01 00:00:00.000
1379,?? ???? ??????? ?????? ??????? ?? ???? ????? ????? ?? ??? ????? ?? ??????? ???? ?????? ??? ???? ?? ???? ??????? ??????? ??????? ????? ????? ?????? ???? ?? ??? ????? ??? ???????. ?????? ??? ??????? ???????? ??? ??? ??????? ???????.,2007-06-01 00:00:00.000
1380,???? ???????? ????? ????? ??????? ?? ?????? ????? ???? ???????? ????? ?? ?????? ?????? ??? ?????? ???????.,2007-06-01 00:00:00.000
1381,?????? ??????? ????? ????? ?????? ??? ??????.,2007-06-01 00:00:00.000
1382,???? ????? ????? ?????? ???????? ?????????.,2007-06-01 00:00:00.000
1383,???? ????? ????? ?? ????? ?????????? ?????? ?????? ?? ??????? ???? ?? ????? ???? ?????? ??????.,2007-06-01 00:00:00.000
1384,???? ????? ???? ????? ????? ?? ??????.,2007-06-01 00:00:00.000
1385,?????? ??????? ??????? ??????? ?????? ??????????? ???????? ????? ??????? ???????.,2007-06-01 00:00:00.000
1386,??? ?????. ????? ??? ???? ????????? ?????? ???? ?? ??????.,2007-06-01 00:00:00.000
1387,????????? ??????? ?????? ??????? ??? ?????. ??? ?? ????? ??? ??????? ?????? ???? ????? ?????? ???????. ???? ?? ?????? ?????? ?? ?????? ??????? ??????? ??? ???? ????? ?????????. ???? ?????? ????? ?????????? ????? ??????? ??? ????? ??? ??? ?????.,2007-06-01 00:00:00.000
1388,???? ???? ?? ??? ???????.,2007-06-01 00:00:00.000
1389,???? ????? ??? ???? ??????.,2007-06-01 00:00:00.000
1390,???? ????? ???? ?????.,2007-06-01 00:00:00.000
1391,?????? ????? ??????? ????? ????? ????????? ???????? ??? ????? ??? ???? ?????.,2007-06-01 00:00:00.000
1392,????? ??? ?????? (???) ?????? ????? ???? ?????? ??????? ??? ???? ??????? ????? ????? ???? ?????? ????? ???? ?? ??? ??????? ??? ?????? ???????.,2007-06-01 00:00:00.000
1393,????? ???? ???????.,2007-06-01 00:00:00.000
1394,????? ??? ???? ??????? ????? ????? ???? ???.,2007-06-01 00:00:00.000
1395,???? ???? ????? ?????? ???????? ????? ??? ???? ????? ????? ?? ??????????.,2007-06-01 00:00:00.000
1396,???? ???? ????? ?????? ???????? ?? ??????? ????? ?????? ??? ?????? ??????.,2007-06-01 00:00:00.000
1397,???? ???? ??? ???? ???????? ????? ??? ?????? ??? ????? ?????? ?????????? ????????? ?? ???? ML ??????? ?? ??????????.,2007-06-01 00:00:00.000
1398,?? ???? ML ?? ???? ????? ?? ?????????? ?????? ??????? ????? ???? ?????? ????? ???? HL ????? ???. ??? ???? ????? ??????. ?????? ???????.,2007-06-01 00:00:00.000
1399,?? ???? ML ?? ???? ????? ?? ?????????? ?????? ??????? ????? ???? ?????? ????? ???? HL ????? ???. ??? ???? ????? ??????. ?????? ???????.,2007-06-01 00:00:00.000
1400,??? ?? ????? ?? ???? ?? ??? ??????? ?????? ?? ?????? ?????? Bothel ???? ??? ????? ???? ????? ??? ???? ?????? ???????? ????? ????? ????? ??????? ?? ?????? ?? ?????? ??????. ?????? ???? ?????????? ??????? ????????? ??????? ??????? ??? ??? ???? ???? ???????.,2007-06-01 00:00:00.000
1401,????? ???? ML ??? ?????? ????? ???? ????? ?? ??????? ???? ????? ??? ???? ??? ???? ???? ????? ?????? ??? ?? ??????? ?? ??? ????? ?????????? ???? ?? ????? ???? HL - ???? ??? ?? ???? ???????? - ????. ?????? ???????.,2007-06-01 00:00:00.000
1402,???? ???????? ????? ??????? ?? ?????? ?????? ???????? ?????????.,2007-06-01 00:00:00.000
1403,???? ???????? ????? ??????? ?? ?????? ????? ???? ????? ?????? ????? ?? ?????? ?????? ??? ?????? ???????.,2007-06-01 00:00:00.000
1404,???? ???????? ????? ??????? ?? ?????? ????? ??????.,2007-06-01 00:00:00.000
1405,???? ???? ?????? ????? ?????? ???????? ?????????.,2007-06-01 00:00:00.000
1406,????? ????? ????? ???? ????? ??? ???? ???? ???? ???????.,2007-06-01 00:00:00.000
1407,???? ???? ????? ????? ?? ??????.,2007-06-01 00:00:00.000
1408,???? ????? ??????????? ???????? ???????? ????????? ????? ????.,2007-06-01 00:00:00.000
1409,???? ????? ????? ????? ??????? ??? ????? ??????? ???? ???????.,2007-06-01 00:00:00.000
1410,????? ????? ???? ?? ????? ?????????? ?????? ??????? ??? ?????????.,2007-06-01 00:00:00.000
1411,???? ????? ???? ???? ????? ????? ?????? ?????????.,2007-06-01 00:00:00.000
1412,??? ???? ???? ?????? ???? ??? ???? ?????? ?? ??????.,2007-06-01 00:00:00.000
1413,???? ????? ?????? ????? ????? ?? ?????????? ?????? ?????? ????? ?? ???? ?????? ??????? ?????? ???? ???????.,2007-06-01 00:00:00.000
1414,???? ???? ????? ????? ?????? ????? ?? ???? ?????? ??????? ??? ????? ?? ????? ????????? ????? ??????????.,2007-06-01 00:00:00.000
1415,??? ???? ???? ???? ??????? ??? ?????? ?????????.,2007-06-01 00:00:00.000
1416,???? ????? ????? ?? ?????????? ???? ????? ????? ??? ????? ??????? ??????? ?????.,2007-06-01 00:00:00.000
1417,???? ?????? ??? ???????? ??? ?????? ??????? ?????? ???????? ????? ???? ??????? ?????? ???????? ????? ???????.,2007-06-01 00:00:00.000
1418,???? ???????? ????? ??????? ??????? ?? ??????.,2007-06-01 00:00:00.000
1419,???? ??? ?????? ??? ?????? ??????? ?????? ???????? ????? ???? ??????? ?????? 1 ???? ??? ???? ????? ????? ????? ????? ?????? ??????? ???? ????.,2007-06-01 00:00:00.000
1420,???? ????? ???? ???? ????? ??????? ??? ????? ???? ??? ???? ??????? ?????? ???????.,2007-06-01 00:00:00.000
1421,????? ????? ????? ????? ??????? ??? ????? ???? ??? ??? ???? ???????.,2007-06-01 00:00:00.000
1422,?????? ?? ??????? ???? ?? ????? ????? ?? ?????? ?????? ????? ??????.,2007-06-01 00:00:00.000
1423,??????? ??? ????? ???????? ?? ??????????.,2007-06-01 00:00:00.000
1424,?????? ????? ???????? ????? ?????.,2007-06-01 00:00:00.000
1425,??????? ?? ???? ???????? ???? ??? ???? ???????.,2007-06-01 00:00:00.000
1426,????? ????? ???????? ??????? ???? ?????.,2007-06-01 00:00:00.000
1427,????? ????? ??????? ?????? ????? ?????? ?? ?????????? ???????.,2007-06-01 00:00:00.000
1429,???? ????? ????? ?? ?????????? ?? ??? ????? ?? ????? ????? ?????.,2007-06-01 00:00:00.000
1430,???? ???????? ????? ????? ??????? ?? ?????? ???????? ?????????.,2007-06-01 00:00:00.000
1431,????? ??????? ???????.,2008-03-11 10:32:17.973
1432,????? ?????? ?? ???? ?????? ??????? ?????? ????? ????? ???? ?????. ??? ???? ??????.,2007-06-01 00:00:00.000
1433,???? ???? ????? ?? ??? ????.,2007-06-01 00:00:00.000
1434,????? ?????? ???? ???????.,2007-06-01 00:00:00.000
1435,???? ???? ???? ????? ????? ?? ???? ??????. ???.,2007-06-01 00:00:00.000
1436,???? ???????? ???? ???? ?????? ?? ???? ?????.,2007-06-01 00:00:00.000
1437,????? ???? ?????? ????? ??? ??????? ?????? ?????.,2007-06-01 00:00:00.000
1438,???? ????? ?? ?????? ?????? ???? ?? ?????? ????? ???????.,2007-06-01 00:00:00.000
1439,??? ?? ????? ???? ????????? ???? ???? ????? ????? ????? ?????.,2007-06-01 00:00:00.000
1440,??? ?? ?????? ???? ???? ???????.,2007-06-01 00:00:00.000
1441,??? ?? ?????? ????? ???? ???? ?????.,2007-06-01 00:00:00.000
1442,????? ??????? ?????? ???? ???? ???? ???????? ???????? ?????? ?????? ????? ???? ????? ???? ????? ????? ??? ?????.,2007-06-01 00:00:00.000
1443,???? ???? ????? ?? ???????? ??????.,2007-06-01 00:00:00.000
1444,????? ???? ???? ????? ?????? ?????? ?????? ?? ???? ????? ??????.,2007-06-01 00:00:00.000
1445,???? ???? ???????.,2007-06-01 00:00:00.000
1446,?????? ????? ?????.,2007-06-01 00:00:00.000
1447,?????? ??????? ????? ???? ???????.,2007-06-01 00:00:00.000
1448,?????? ?????? ???????.,2007-06-01 00:00:00.000
1449,???? ?????? LL Frame ????? ???? ??????? ?? ????? ??????? ????? ??????? ??????? ?? ???? ?? ?????????? ??? ????? ??????? ?????????.,2007-06-01 00:00:00.000
1450,????? ???? ML ??? ?????? ????? ????? ????? ?? ??????? ???? ????? ??? ???? ??? ???? ???? ????? ?????? ??? ?? ??????? ?? ??? ????? ?????????? ???? ?? ????? ???? HL - ???? ??? ?? ???? ???????? - ????. ?????? ???????.,2007-06-01 00:00:00.000
1451,??? ?? ????? ???? ??????? ?????????? ????? ????? ??????? ????? ?? ???? ??????? ????????? ??? ????? ???????? ??????? ?????? ????. ????? ??????? ???????? ???? ????? ?????? ???????.,2007-06-01 00:00:00.000
1452,???? ???? ?????????? ???? ??????? ???? ????? ??? ????? ???? ???????? ????? ?????? ?????? ?? ????? ??????. ???? ??????? ????????? ???? ????? ??????.,2007-06-01 00:00:00.000
1453,??? ?? ????? ??? ???? HL ??????? ?? ?????????? ?????? ?? ?? ???? ????? ??????? ??? ?? ??????? ?????? ???? ?????? ??????? ???????. ?????? ???????.,2007-06-01 00:00:00.000
1454,????? ??? ??? ????? ??????? ???? ??? ?????? ?????? 3 ??????? AAA.,2007-06-01 00:00:00.000
1455,???? ???? ?? ?????????? ??? ?? ????? ?? ?????? ?????? ??????? ?? ??????? ??? ????? ?? ??????? ??? ???????? ???????.,2007-06-01 00:00:00.000
1456,????? ???? ???? ???? AWC ?????? 840 ?????? ?? ??????? ??? ????? ??????.,2007-06-01 00:00:00.000
1457,???? 4 ?????? ???? ???? ?? ???? ???????? ?????? ???? ????? ?????? 2 ????.,2007-06-01 00:00:00.000
1458,????? ????? ?????? ????? ???? ???????? ??????? ??????? ?? ??????.,2007-06-01 00:00:00.000
1459,?????? ?? ?????? ??????? ???????? ??? ?????? ??????? ????? ?????? ??????.,2007-06-01 00:00:00.000
1460,????? ?????? ?????? ??????. ????? ??? ?????. ?????? ?? ??????????. ????? ??? ?? ?????? ???????.,2007-06-01 00:00:00.000
1461,????? ????? AWC ?? ????? ?????? ????? ?? ???????? ???? ?????? ??????? ???????.,2007-06-01 00:00:00.000
1462,?????? ????? ????? ?????? ????? ????? ???? ?????? ????? ??????. ????? ????? ????? ?????? ???? ????? ???????.,2007-06-01 00:00:00.000
1463,???? ?? ?? ???? ?????? ????? ????? ?????? ????? ??? ????? ????? ??? ???? ????? ???? ??????.,2007-06-01 00:00:00.000
1464,???? ?? ???? ?? ??????? ?????? ????? ????? ?????? ????? ???? ????? ??????. ?????? ????? ?????? ???? AWC.,2007-06-01 00:00:00.000
1465,????? ????? ?????? ?????? ?????????? ????? ??? ????? ?????? ???? ????? ?? ??????? ?????? ?? ???? ??????? ?????? ?????? ???? ???????? ?????? ??????.,2007-06-01 00:00:00.000
1466,???? 8 ??? ??? ?????? ?????? ????? ????? ?????? ???? ?????.,2007-06-01 00:00:00.000
1467,??? ????? ?????? ??????? ?????? ????? ??? ?????.,2007-06-01 00:00:00.000
1468,????? ???? ????? ??? ?????? ?????? ?? ???? ??????? ???? ???? ??? ??????? ???????.,2007-06-01 00:00:00.000
1469,???? ????? ????? ????? ??????? ????? ????? ?????? ???????. ????? ????? ????? ??????? ???????.,2007-06-01 00:00:00.000
1470,????? ????? ????? ??????? ???? ?????? ?????.,2007-06-01 00:00:00.000
1471,????? ????? ??? ???? ?????? ??????.,2007-06-01 00:00:00.000
1472,???? ???? ???? ??????? ??????? ???? ????? ?????? ????? ?? ???? ???? ?? ???????? ???? ????? ????? ?????? ?????? ???? ?????.,2007-06-01 00:00:00.000
1473,????? ?????? ?????. ??? ??? ??????? ????? ?? ???? ???????.,2007-06-01 00:00:00.000
1474,????? ?????? ????? ?????? ?????? ??? ????? ??? ?????.,2007-06-01 00:00:00.000
1475,???? ???? ?? ?????????? ????? ??????? ?????? ????? ??????? ??? ??????? ??????.,2007-06-01 00:00:00.000
1476,??? ?????? ?? ???? ????? ???????? ?????? ???? ???? ????? ??????.,2007-06-01 00:00:00.000
1477,???? ???? ???? ??????? ?????? ????? ??????? ????? ?? ???????????? ???? ???? AWC.,2007-06-01 00:00:00.000
1478,?????? ???? ???? ????? ???????? ?????? ????? ????? ??? ?? ????? ???? ?????? ???????? ????????.,2007-06-01 00:00:00.000
1479,???? ??? ????? ?????? ??????? ???????????? ??? 1.960 ???????? ????? ????? ????? ??????? ???????? ????? ????? ?? ???? ???.,2007-06-01 00:00:00.000
1480,????? ???????? ??????? ???????? ?? ?????????? ??????? ??????? ?? ??? ??????? ?? ?????? ??????? ?????????? ??? ?????? ?? ????? ?????.,2007-06-01 00:00:00.000
1481,?????? ????? ???? ????? ??????? ?????? ?????? ???????? ??? ???? ???? ??????. ????? ???? ??? ????.,2007-06-01 00:00:00.000
1482,????? ????? ???????? ??????? ???????? ????? ?????? ????????.,2007-06-01 00:00:00.000
1484,Acier chromé.,2007-06-01 00:00:00.000
1485,Cuvettes en alliage d'aluminium ; axe de grand diamètre.,2007-06-01 00:00:00.000
1486,Cuvettes en alliage d'aluminium et axe creux.,2007-06-01 00:00:00.000
1487,"Adapté à tous les usages, sur route ou tout-terrain. Pour toutes les bourses. Changement de braquet en douceur et conduite confortable.",2007-06-01 00:00:00.000
1488,"Ce vélo offre un excellent rapport qualité-prix. Vif et facile à manœuvrer, il se conduit en toute tranquillité sur les chemins et les sentiers.",2007-06-01 00:00:00.000
1489,"Pour les véritables passionnés du VTT. Un vélo extrêmement robuste qui vous permettra d'aller partout, même sur les terrains difficiles, pour un budget raisonnable.",2007-06-01 00:00:00.000
1490,Conduite sur terrains très accidentés. Idéal pour tous les niveaux de compétition. Utilise le même cadre HL que le Montain-100.,2008-03-11 10:32:17.973
1491,"VTT de compétition haut de gamme. Plusieurs options d'amélioration des performances : cadre HL, suspension avant particulièrement souple et traction adaptée à tous les terrains.",2007-06-01 00:00:00.000
1492,Adapté à tous les terrains. Pour toutes les bourses.,2007-06-01 00:00:00.000
1493,Vélo d'adulte d'entrée de gamme ; permet une conduite confortable en ville ou sur les chemins de campagne. Moyeux et rayons à blocage rapide.,2007-06-01 00:00:00.000
1494,"Vélo très séduisant comportant de nombreuses caractéristiques des modèles haut de gamme. Bénéficie du cadre léger et rigide, mais aussi de la ligne performante qui ont fait notre réputation.",2007-06-01 00:00:00.000
1495,"Équipé de la même technologie que tous nos vélos de route, avec un cadre femmes. Idéal pour la promenade ou la course sur route.",2007-06-01 00:00:00.000
1496,Équipé de la même technologie que tous nos vélos de route. Idéal pour la promenade ou la course sur route.,2007-06-01 00:00:00.000
1497,"Un véritable vélo multi-sports, qui offre une conduite optimisée et une ligne révolutionnaire. Sa ligne aérodynamique vous permet de l'utiliser en course et ses vitesses de gravir les cols.",2007-06-01 00:00:00.000
1498,"VTT, course ou promenade entre amis sur un vélo aérodynamique et léger. Bénéficie d'un système de selle perfectionné qui offre un confort optimal.",2007-06-01 00:00:00.000
1499,"Tout terrain, course ou promenade entre amis sur un vélo aérodynamique et léger (cadre femmes). Bénéficie d'un système de selle perfectionné qui offre un confort optimal.",2007-06-01 00:00:00.000
1500,"Cadre en alliage d'aluminium qui offre une conduite légère et rapide, sur pistes ou sur routes de campagne.",2007-06-01 00:00:00.000
1501,"Ce vélo est destiné aux champions cyclistes. Mis au point par une équipe cycliste professionnelle, ce vélo possède un cadre en aluminium traité à chaud extrêmement léger et un guidon qui permet une conduite très précise.",2007-06-01 00:00:00.000
1502,"Vélo de qualité pour tous usages, doté d'un bon niveau de confort et de sécurité. Présente des pneus plus larges et plus stables pour les sorties en ville ou les randonnées du week-end.",2007-06-01 00:00:00.000
1503,La selle rembourrée offre un confort optimal. Le porte-bagages nouvellement remanié offre diverses possibilités d'ajout de paniers ou de sacoches. Ce vélo reste parfaitement stable une fois chargé.,2007-06-01 00:00:00.000
1504,"Voyagez confortablement et avec élégance. Confort et sécurité maximum. Large éventail de vitesses pour gravir toutes les côtes. Sa fabrication en alliage d'aluminium haute technologie est synonyme de robustesse, sans ajout de poids.",2007-06-01 00:00:00.000
1505,Système de changement de vitesse très performant.,2007-06-01 00:00:00.000
1506,Axe très rigide.,2007-06-01 00:00:00.000
1507,Manivelle haute résistance.,2007-06-01 00:00:00.000
1508,Pédalier triple plateaux ; manivelle en aluminium ; changement de braquet impeccable.,2007-06-01 00:00:00.000
1509,Patins de freinage pour tous les temps ; freinage renforcé par l'application d'une plus grande surface sur la jante.,2007-06-01 00:00:00.000
1510,Conception liaison large.,2007-06-01 00:00:00.000
1511,Conception robuste permettant d'absorber les chocs et d'offrir une conduite plus précise.,2007-06-01 00:00:00.000
1512,Fourche composite pour route avec tube de direction en aluminium.,2007-06-01 00:00:00.000
1513,Fourche pour route en carbone hautes performances avec bras incurvés.,2007-06-01 00:00:00.000
1514,Utilise la même technologie de cadre que celle adoptée sur le cadre en aluminium ML.,2007-06-01 00:00:00.000
1515,Le cadre ML est un cadre en aluminium traité à chaud fabriqué avec le même niveau de détail et de qualité que notre cadre HL. Il offre des performances exceptionnelles. Version hommes.,2007-06-01 00:00:00.000
1516,Le cadre ML est un cadre en aluminium traité à chaud fabriqué avec le même niveau de détail et de qualité que notre cadre HL. Il offre des performances exceptionnelles. Version femmes.,2007-06-01 00:00:00.000
1517,"Doté du même alliage en aluminium que notre cadre HL haut de gamme, le ML possède un tube léger dont le diamètre est prévu pour offrir une résistance optimale. Version femmes.",2007-06-01 00:00:00.000
1518,Roue de secours tout-terrain pour vététiste occasionnel.,2007-06-01 00:00:00.000
1519,Roue de secours tout-terrain pour vététiste amateur à confirmé.,2007-06-01 00:00:00.000
1520,Roue de secours tout-terrain hautes performances.,2007-06-01 00:00:00.000
1521,Roue avant pour vélo de route pour cycliste occasionnel.,2007-06-01 00:00:00.000
1522,Alliage robuste avec moyeu à blocage rapide.,2007-06-01 00:00:00.000
1523,Roue solide avec jante double paroi.,2007-06-01 00:00:00.000
1524,Jantes aérodynamiques pour conduite en souplesse.,2007-06-01 00:00:00.000
1525,Barre d'appui tous usages pour conduite sur route ou tout-terrain.,2007-06-01 00:00:00.000
1526,Barres d'appui en alliage d'aluminium solide pour descente.,2007-06-01 00:00:00.000
1527,Barre d'appui plate suffisamment solide pour le circuit professionnel.,2007-06-01 00:00:00.000
1528,Forme très réussie destinée à faciliter l'accès aux leviers.,2007-06-01 00:00:00.000
1529,Barre d'appui avec tube en aluminium ergonomique pour répondre aux besoins de tous les cyclistes.,2007-06-01 00:00:00.000
1530,Conçu pour la compétition ; barre d'appui ergonomique haut de gamme en alliage d'aluminium.,2007-06-01 00:00:00.000
1531,Forme très réussie destinée à diminuer la fatigue des cyclistes occasionnels.,2007-06-01 00:00:00.000
1532,Barre d'appui en aluminium légère et solide pour les longues randonnées.,2007-06-01 00:00:00.000
1533,Jeu de direction de qualité sans filetage à un prix abordable.,2007-06-01 00:00:00.000
1534,Boîtier de protection hermétique.,2007-06-01 00:00:00.000
1535,"Jeu de direction sans filetage 2,54 cm de grande qualité avec un dispositif de lubrification rapide.",2007-06-01 00:00:00.000
1536,Plate-forme allongée permettant de rouler avec tous types de chaussures ; idéal pour la randonnée.,2007-06-01 00:00:00.000
1537,Pédales automatiques légères et robustes avec tension réglable.,2007-06-01 00:00:00.000
1538,Acier inoxydable ; facile à nettoyer.,2007-06-01 00:00:00.000
1539,Pédales automatiques - aluminium.,2007-06-01 00:00:00.000
1540,Fabrication en alliage d'aluminium léger.,2007-06-01 00:00:00.000
1541,Pédales automatiques haut de gamme avec tension réglable.,2007-06-01 00:00:00.000
1542,Pédale stable pour longs trajets.,2007-06-01 00:00:00.000
1543,Bouchon de remplissage ; étriers en aluminium poli.,2007-06-01 00:00:00.000
1544,Dérailleur en aluminium 10 vitesses avec supports de galet hermétiques.,2007-06-01 00:00:00.000
1545,Roue de secours tout-terrain arrière pour vététiste occasionnel.,2007-06-01 00:00:00.000
1546,Roue de secours tout-terrain arrière pour vététiste amateur à confirmé.,2007-06-01 00:00:00.000
1547,"Jantes très robustes, solidité garantie.",2007-06-01 00:00:00.000
1548,Roue de secours arrière pour cycliste occasionnel.,2007-06-01 00:00:00.000
1549,Jante en alliage d'aluminium avec rayons en acier inoxydable ; pour une vitesse optimale.,2007-06-01 00:00:00.000
1550,Roue arrière solide avec jante doublée.,2007-06-01 00:00:00.000
1551,Excellentes jantes aérodynamiques pour une conduite en souplesse.,2007-06-01 00:00:00.000
1552,Cuir synthétique. Confort amélioré grâce au couvre-selle en gel.,2007-06-01 00:00:00.000
1553,Conçu pour absorber les chocs.,2008-03-11 10:32:17.973
1554,Conception ergonomique pour randonnée longue distance confortable. Cuir de qualité.,2007-06-01 00:00:00.000
1555,Selle légère avec renfort en mousse.,2007-06-01 00:00:00.000
1556,Amortisseurs en caoutchouc pour absorber les bosses.,2007-06-01 00:00:00.000
1557,Selle de course légère en Kevlar. Cuir.,2007-06-01 00:00:00.000
1558,Selle confortable et ergonomique profilée avec couvre-selle en gel.,2007-06-01 00:00:00.000
1559,Nouvelle conception pour éviter la fatigue lors des longues randonnées.,2007-06-01 00:00:00.000
1560,Cadre profilé pour améliorer le confort.,2007-06-01 00:00:00.000
1561,"Traction comparable aux modèles haut de gamme, gomme de pneu moins chère.",2007-06-01 00:00:00.000
1562,"Grande traction, caoutchouc haute densité.",2007-06-01 00:00:00.000
1563,Traction exceptionnelle ; carbone léger renforcé.,2007-06-01 00:00:00.000
1564,"Même dessin que les pneus plus chers, mais doté d'une gomme moins chère.",2007-06-01 00:00:00.000
1565,Caoutchouc plus dense que sur les autres modèles.,2007-06-01 00:00:00.000
1566,"Carbone léger renforcé pour un confort de conduite inégalé, sans ajout de poids.",2007-06-01 00:00:00.000
1567,Caoutchouc haute densité.,2007-06-01 00:00:00.000
1568,Tube à autovulcanisation.,2007-06-01 00:00:00.000
1569,Tube classique tous usages.,2007-06-01 00:00:00.000
1570,Tube à usage générique.,2007-06-01 00:00:00.000
1571,"Le cadre LL en aluminium offre une conduite confortable, une excellente absorption des bosses pour un très bon rapport qualité-prix.",2007-06-01 00:00:00.000
1572,"Doté du même alliage en aluminium que notre cadre HL haut de gamme, le ML possède un tube léger dont le diamètre est prévu pour offrir une résistance optimale. Version hommes.",2007-06-01 00:00:00.000
1573,Notre cadre en aluminium plus léger et de qualité supérieure fabriqué à partir du tout dernier alliage ; cadre soudé et traité à chaud pour une meilleure résistance. Le résultat d'une conception innovante pour un confort et des performances maximum.,2007-06-01 00:00:00.000
1574,Cadre renforcé léger pour une position plus droite ; idéal pour les promenades en ville. Ligne remarquable pour un confort optimal.,2007-06-01 00:00:00.000
1575,Le cadre HL est profilé afin d'associer élégance et robustesse ; il est prévu pour résister à une utilisation quotidienne intensive. Version hommes.,2007-06-01 00:00:00.000
1576,Éclairage peu onéreux pour la conduite de nuit - utilise 3 piles AAA.,2007-06-01 00:00:00.000
1577,Le porte-bidon en aluminium est plus léger que la version VTT ; idéal pour les longues randonnées.,2007-06-01 00:00:00.000
1578,"Bidon d'eau avec le logo de l'équipe AWC - capacité 0,75 litre, entièrement étanche.",2007-06-01 00:00:00.000
1579,Porte-vélo sécurisé pour 4 vélos ; fabrication en acier ; adaptable sur attache-remorque.,2007-06-01 00:00:00.000
1580,Garde-boue adapté à la plupart des VTT.,2007-06-01 00:00:00.000
1581,Combinaison de fibres naturelles et synthétiques ; reste sèche et offre le confort nécessaire.,2007-06-01 00:00:00.000
1582,"Très pratique. Tient dans la poche. Corps en aluminium. 11,2 bars.",2007-06-01 00:00:00.000
1583,"Conçu pour l'équipe professionnelle AWC, à bretelles, contrôle de l'humidité, peau de chamois et bande anti-remontée.",2007-06-01 00:00:00.000
1584,Fabrication en nylon résistant étanche d'accès facile. Suffisamment grand pour les randonnées du week-end.,2007-06-01 00:00:00.000
1585,"Entièrement rembourré, amélioration de la souplesse de mouvement des doigts, paume renforcée, fermeture réglable.",2007-06-01 00:00:00.000
1586,"Paume synthétique, poignets souples, ouverture maillée anti-transpiration. Adopté par les professionnels de l'équipe AWC.",2007-06-01 00:00:00.000
1587,"Cuissards résistants à l'usure pour utilisation intensive, doublés à l'intérieur en Spandex, sans couture, peau de chamois anti-bactérie pour un meilleur confort.",2007-06-01 00:00:00.000
1588,"Comprend 8 rustines de tailles différentes, de la colle et du papier de verre.",2007-06-01 00:00:00.000
1589,Sacs légers et résistants au vent ; tiennent dans la poche.,2007-06-01 00:00:00.000
1590,Cuissards de course pour hommes - en Spandex avec un élastique à la ceinture et bande anti-remontée.,2007-06-01 00:00:00.000
1591,"Support de type home trainer idéal pour vous entraîner en intérieur (pour tous les modèles de vélo). Fixations rapides, fabrication en acier.",2007-06-01 00:00:00.000
1592,Feu avant rechargeable à deux faisceaux.,2007-06-01 00:00:00.000
1593,Feu avant robuste.,2007-06-01 00:00:00.000
1594,"Maillot manches courtes classique et anti-transpiration avec contrôle de l'humidité, fermeture avant à glissière et 3 poches arrière.",2007-06-01 00:00:00.000
1595,Simple et léger. Rustines de secours rangées dans la poignée.,2007-06-01 00:00:00.000
1596,"Fin, léger et résistant avec des poignets qui restent en place.",2007-06-01 00:00:00.000
1597,Porte-bidon en aluminium robuste qui maintient le bidon sur les terrains accidentés.,2007-06-01 00:00:00.000
1598,Style classique avec une visière relevable ; taille unique.,2007-06-01 00:00:00.000
1599,"Maillot de cycliste en microfibre avec le logo de l'équipe AWV, manches longues, unisexe.",2007-06-01 00:00:00.000
1600,"Légère, aérée, taille unique, avec une visière amovible.",2007-06-01 00:00:00.000
1601,Sac d'hydratation de 3 l polyvalent. Permet de stocker des aliments supplémentaires. Facile d'accès et fourni avec une ceinture.,2007-06-01 00:00:00.000
1602,Collants chauds en Spandex pour l'hiver ; fabrication en chamoisine sans couture pour éliminer les points de frottement.,2007-06-01 00:00:00.000
1603,Nettoie les saletés ; dissout la graisse. Protège l'environnement. Bouteille d'1 litre.,2007-06-01 00:00:00.000
1604,"S'enroule pour s'adapter aux pneus avant et arrière, sac et deux clés fournis.",2007-06-01 00:00:00.000
1605,"Chaque cadre est fabriqué artisanalement dans notre atelier de Bordeaux afin d'obtenir le diamètre et l'épaisseur adaptés à un vélo tout-terrain de premier choix. Le cadre en aluminium soudé à chaud présente un tube d'un plus grand diamètre, afin d'absorber les bosses.",2007-06-01 00:00:00.000
1606,???????????,2007-06-01 00:00:00.000
1607,????????????????????? ???????????????,2008-03-11 10:32:17.973
1608,????????????????????????????????,2008-03-11 10:32:17.973
1609,?????????????????????????? ?????????????????????  ????????????? ????????????????????????? ????????????????????????,2008-03-11 10:32:17.973
1610,?????????????????????????????? ?????????????  ?????????? ????? ????????????????????????????????????????????????????,2008-03-11 10:32:17.973
1611,????????????????????????????  ????????????????????????????? ????????????????????? ????????????????????????????????????????????? ????????????????????????,2008-03-11 10:32:17.973
1612,???????????????????????????  ???????????????????????????????????  ??????? HL ?????????????????? Mountain-100,2008-03-11 10:32:17.973
1613,?????????????????????????????????? ??????????????????????????????????????????????? ???? ???? HL ???????????? ?????????????????????????????????????????? ??????????????????????????????,2008-03-11 10:32:17.973
1614,????????????????????????????????  ?????????????,2007-06-01 00:00:00.000
1615,????????????????????????????????? ??????????????????????????????????????????????????????  ???????????????????????,2008-03-11 10:32:17.973
1616,???????????????????????? ??????????????????????????????????????????  ??????????????? ????? ??????????????????????????????????????,2008-03-11 10:32:17.973
1617,???????????????????????????? Road ??????? ?????????????????????????????????????  ??????????????????????????????? ???????????????????????????????????????,2008-03-11 10:32:17.973
1618,???????????????????????????? Road ???????  ??????????????????????????????? ???????????????????????????????????????,2008-03-11 10:32:17.973
1619,??????????????????????????????????????????????????? ????????????????????????  ???????????????????? ?????????????????????????????? ???????????????????????????????????????????????????????????,2008-03-11 10:32:17.973
1620,???????? ??????? ????????????????????????????????????????????????  ????????????????????????????????????????????????????????????????????,2008-03-11 10:32:17.973
1621,???????? ??????? ???????????????????????????????????????????????? ????????????????????????????????????????  ????????????????????????????????????????????????????????????????????,2008-03-11 10:32:17.973
1622,?????????????????????? ?????????????????? ?????? ????????????????????????????? ???????????????????????????????????,2008-03-11 10:32:17.973
1623,????????????????????????????????????  ???????????????????????? Adventure Works Cycles ????????????????????????????????????????????? ?????????????????????,2008-03-11 10:32:17.973
1624,????????????????????????? ??????????????????????????????????  ?????????????? ????????????????????????????????????????????????????????????,2008-03-11 10:32:17.973
1625,?????????????????????????????????????????????????? ???????????????? ???????????????????????????????????????? ????????????????? ???????????????,2008-03-11 10:32:17.973
1626,???????????????????????????????  ?????????????????????????????????????????????????  ??????????????? ?????????????????????  ????????????????????????????????????????????? ???????????????????????????,2008-03-11 10:32:17.973
1627,???????????????????????????????????????,2008-03-11 10:32:17.973
1628,???????????????,2008-03-11 10:32:17.973
1629,?????????????????????????,2008-03-11 10:32:17.973
1630,???????????????? ??????????????????? ????????????????????????????????,2008-03-11 10:32:17.973
1631,????????????????????????? ????????????????????? ??????????????????????????????,2008-03-11 10:32:17.973
1632,????????????????????????????,2007-06-01 00:00:00.000
1633,?????????????????? ????????????????????????????????????,2008-03-11 10:32:17.973
1634,????????????????? ???????????????????????????,2008-03-11 10:32:17.973
1635,??????????????????????????????? ???????????,2008-03-11 10:32:17.973
1636,????????????????????????????????????????????????????????????????????? ML,2007-06-01 00:00:00.000
1637,???? ML ?????????????????????????????? ??????????????????????????????????? HL  ??????????????????????????  ????????????????????????,2008-03-11 10:32:17.973
1638,???? ML ?????????????????????????????? ??????????????????????????????????? HL  ??????????????????????????  ???????????????????????,2008-03-11 10:32:17.973
1639,???????????????????????????????????????? Bothell ???????????????????????????????????????????????????????????????????  ?????????????????????????????? ?????????????????????????????????????,2008-03-11 10:32:17.973
1640,?????????????????????????????????????????????? HL ???? ML ??????????????? ???????????????????????????????????????????  ???????????????????????,2008-03-11 10:32:17.973
1641,???????????????????????????????????????????????,2008-03-11 10:32:17.973
1642,??????????????????????????????????????????????????????????,2008-03-11 10:32:17.973
1643,???????????????????????????????????,2008-03-11 10:32:17.973
1644,???????????????????????????????????????????????????,2008-03-11 10:32:17.973
1645,?????????????????????? ??????????????????,2008-03-11 10:32:17.973
1646,?????????????????????????????????????,2008-03-11 10:32:17.973
1647,????????????????????????????????????????????,2008-03-11 10:32:17.973
1648,????????????????????????????????????,2008-03-11 10:32:17.973
1649,??????????????????????????? ????????????????????????,2008-03-11 10:32:17.973
1650,???????????? ??????????????????????????????,2008-03-11 10:32:17.973
1651,??????????????????????? ??????????????????????????,2008-03-11 10:32:17.973
1652,??????????????????????????????????????? ???????????????????????,2008-03-11 10:32:17.973
1653,??????????????????? ????????????????????????????????????????????? ???????????????????????,2008-03-11 10:32:17.973
1654,??????????????????????????????????????????????????????????????,2008-03-11 10:32:17.973
1655,???????????????????????????? ??? ????????????????????????,2008-03-11 10:32:17.973
1656,??????????????????????????? ??????????????????????,2008-03-11 10:32:17.973
1657,?????????????????????????????,2008-03-11 10:32:17.973
1658,???????????????????????????????????? ???? 1 ????????????????????????????????????????????????,2008-03-11 10:32:17.973
1659,?????????????? ????????????????????????????????????? ???????????????????????????????,2008-03-11 10:32:17.973
1660,???????????????? ????? ????????? ???????????????????????,2008-03-11 10:32:17.973
1661,??????????? ????????????????????????????????????,2008-03-11 10:32:17.973
1662,??????????????? - ??????????,2008-03-11 10:32:17.973
1663,?????????????????????????????????????,2008-03-11 10:32:17.973
1664,????????????????? ????????? ??????????????,2007-06-01 00:00:00.000
1665,??????????????? ???????????????????????,2008-03-11 10:32:17.973
1666,?????????????????????????????? ??????????????????????????????,2008-03-11 10:32:17.973
1667,?????????????????? 10 ?????????????????????????????????,2008-03-11 10:32:17.973
1668,???????????????????????????????????????????????????,2008-03-11 10:32:17.973
1669,????????????????????????????????????????????????????????????,2008-03-11 10:32:17.973
1670,?????????????????????????????????????????????????????,2008-03-11 10:32:17.973
1671,???????????????????????????????????????,2008-03-11 10:32:17.973
1672,??????????????????????????????????????? ?????????????????,2008-03-11 10:32:17.973
1673,?????????????????????????????????????????,2008-03-11 10:32:17.973
1674,??????????????????????????????????????????,2008-03-11 10:32:17.973
1675,??????????????  ?????????????????????????,2008-03-11 10:32:17.973
1676,???????????????????????????????????,2008-03-11 10:32:17.973
1677,??????????????????????? ???????????????????????????????????  ?????????????????,2008-03-11 10:32:17.973
1678,????????????????????????,2008-03-11 10:32:17.973
1679,????????????????????,2008-03-11 10:32:17.973
1680,????????????????????????? ?????????? ?????????,2008-03-11 10:32:17.973
1681,???????????????? ???????? ?????????????????????????,2008-03-11 10:32:17.973
1682,????????????????????????????????????????????????,2008-03-11 10:32:17.973
1683,????????????????????????????????????,2008-03-11 10:32:17.973
1684,?????????????????????????????????? ?????????????????????????,2007-06-01 00:00:00.000
1685,?????????????????????? ?????????????????????,2008-03-11 10:32:17.973
1686,????????????????? ??????????????????????,2008-03-11 10:32:17.973
1687,??????????????????????????????????? ????????????????????????????,2008-03-11 10:32:17.973
1688,?????????????????????????????????,2008-03-11 10:32:17.973
1689,?????????????????????? ??????????????????????????? ?????????????????????????????,2008-03-11 10:32:17.973
1690,?????????????????,2008-03-11 10:32:17.973
1691,????????????????????,2008-03-11 10:32:17.973
1692,??????????????????????,2008-03-11 10:32:17.973
1693,?????????????????????????,2008-03-11 10:32:17.973
1694,???? LL ?????????????????????????????? ???????????????????????? ????????????????????????????,2008-03-11 10:32:17.973
1695,?????????????????????????????????????????????? HL ???? ML ??????????????? ?????????????????????????????????  ????????????????????????,2008-03-11 10:32:17.973
1696,????????????????????????????????????????????? ???????????????????????? ?????????????????????????????????????????  ????????????????????? ??????????????????????????????????????????????,2008-03-11 10:32:17.973
1697,???????????????????????? ????????????????????????????? ??????????????  ???????????????????????????????????,2008-03-11 10:32:17.973
1698,?????????????? HL ????????????????????????????? ?????????????????????????????? ?????????????????????????????????????  ????????????????????????,2008-03-11 10:32:17.973
1699,??????????????????????????????????????????????? - ???????????? AAA 3 ????,2008-03-11 10:32:17.973
1700,??????????????????????????????????????? ????????????????????????????,2008-03-11 10:32:17.973
1701,?????????????? AWC - ????? 30 ????? ??????????????????????,2008-03-11 10:32:17.973
1702,??????????????? 4 ??????????????? ?????????????????????? ?????????????????? 2 ????,2008-03-11 10:32:17.973
1703,????????????????????? ?????????????????????????,2008-03-11 10:32:17.973
1704,????????????????????????????????????????? ?????????????????????????????????,2008-03-11 10:32:17.973
1705,????????????????????  ???????????? ??????????????  ????????????????  ???? 160psi,2008-03-11 10:32:17.973
1706,???????????????????????? AWC ??????????? ????????????????? ????????? ???????????,2008-03-11 10:32:17.973
1707,????? ???????????????? ??????????  ????????????????????????????????????????????,2008-03-11 10:32:17.973
1708,????????????? ??????????????????????? ??????????????? ?????????????,2008-03-11 10:32:17.973
1709,???????????????????? ??????????????? ?????????????????????????????  ??????????????????????????????? AWC,2008-03-11 10:32:17.973
1710,???????????? ???????????? ?????????????????????????????? ???????????????????????????????? ???????,2008-03-11 10:32:17.973
1711,??????????????????? 8 ???? ??? ?????????????,2008-03-11 10:32:17.973
1712,?????????? ????? ???????????????????????,2008-03-11 10:32:17.973
1713,?????????? 8 ???????????????????? - ??????????????????????????????????????,2008-03-11 10:32:17.973
1714,?????????????????????????????????????????????????????????  ??????????????? ?????????????????????,2008-03-11 10:32:17.973
1715,??????????????????????????,2008-03-11 10:32:17.973
1716,?????????????? ??????,2008-03-11 10:32:17.973
1717,?????????????????????? ??????????????? ?????????????? ??????? ???????????????? 3 ??,2008-03-11 10:32:17.973
1718,????????? ??????????  ?????????????????????????????????,2008-03-11 10:32:17.973
1719,??? ?????????? ???????? ??????????????????????,2007-06-01 00:00:00.000
1720,??????????????????????? ?????????????????????????????,2008-03-11 10:32:17.973
1721,??????????? ??????????? ??????????????,2008-03-11 10:32:17.973
1722,????????????????????????? AWC,2008-03-11 10:32:17.973
1723,????????????????? ??????????????? ??????????,2008-03-11 10:32:17.973
1724,???????? 70 ????? ????????????????????? ???????? ??????????????,2008-03-11 10:32:17.973
1725,???????????????????????????????????????????????? ????????????????????????????????,2008-03-11 10:32:17.973
1726,?????????????????????????????? ??????????? ???????????????????????????????  ???????? 1 ????,2008-03-11 10:32:17.973
1727,?????????????????????????????????? ?????????????????????????,2008-03-11 10:32:17.973
1728,???? ??????? (????-??????????),2007-06-01 00:00:00.000
1729,??????? ??????? ?????????; ??? ???-????.,2007-06-01 00:00:00.000
1730,??????? ??????? ????????? ???? ????.,2007-06-01 00:00:00.000
1731,"??????? ??? ??? ?????, ?????? ?????? ???????? ????. ??????? ??? ?????. ????? ??????? ???? ??? ?? ????? ????.",2007-06-01 00:00:00.000
1732,"??????? ??? ?????? ??? ??????? ????? ????? ????.  ?? ????? ????? ?????? ??????? ""??? ???"" ??????? ???? ????????.",2008-03-11 10:32:17.973
1733,??????? ??????? ?????? ??? ?? ???. ??????? ?????? ?????? ????? ????? ??? ??? ???? ???? ???? ?? ?????? ???? ????? – ??? ????? ???? ??????.,2007-06-01 00:00:00.000
1734,?????? ?????? ?????? ??????. ??????? ??? ??? ?? ?????. ???????? ??? ???? ????? ?- HL Frame (????? HL) ??? ??? ?????? ???? Mountain-100 (100-????),2007-06-01 00:00:00.000
1735,"????? ???? ???????? ?????? ???????. ???????? ?????? ??????? ??????? HL Frame (????? (HL, ????? ???? ??? ?????? ?????? ???? ??????? ??? ???? ????.",2007-06-01 00:00:00.000
1736,??????? ??? ??? ????? ???????. ??????? ??? ?????.,2007-06-01 00:00:00.000
1737,"????? ??????? ????????; ?????? ????? ???? ""???? ????"" ?? ????? ?????. ?????? ???????? ?????? ????.",2007-06-01 00:00:00.000
1738,??????? ??????? ????? ????? ?????? ????? ???? ??????? ???? ??? ?????? ????. ????????? ?????? ?????? ????? ?????? ?????? ???? ??? ????????.,2007-06-01 00:00:00.000
1739,"????????? ??? ??? ????? ?????? ???? ""????"" ????, ???? ?????? ????? ?????? ?????. ??????? ???????? ??? ???? ????? ?????????.",2007-06-01 00:00:00.000
1740,"????????? ??? ??? ?????? ?????? ???? ""????"" ????. ??????? ???????? ??? ???? ????? ?????????.",2007-06-01 00:00:00.000
1741,??????? ????? ??????? ????? ????? ?????? ??????? ????? ???? ?????? ??????. ????? ??????????? ????? ????? ?? ???????? ??????? ????? ??????? ?????? ?? ?? ??? ?????.,2007-06-01 00:00:00.000
1742,"????? ?????, ????? ?? ??? ????? ????? ?? ??????? ??????? ??????????????. ????????? ?????? ?? ????? ????? ????? ????? ?? ????.",2007-06-01 00:00:00.000
1743,"????? ?????, ????? ?? ??? ????? ????? ?? ??????? ???? ????? ????? ???????????? ?????. ????????? ?????? ?? ????? ????? ????? ????? ?? ????.",2007-06-01 00:00:00.000
1744,"????? ??????? ????????? ????? ????? ??? ??????, ??? ?? ?????? ?????? ???? ?? ?????? ?????? ??????? ?????? ??????.",2007-06-01 00:00:00.000
1745,"??????? ??? ?????? ?? ????? ????????. ????????, ?????? ??? ?? ???? ??????? ?? Adventure Works Cycles (????? ?????), ?? ????? ????????? ??? ????? ??????? ???? ?????? ?????? ????? ??????.",2007-06-01 00:00:00.000
1747,????? ????? ??? ???? ?? ?????? ?????? ???????? ???????? ????. ?????? ?????? ????? ??????? ???? ?????? ????? ???? ?? ?????? ???????.,2007-06-01 00:00:00.000
1748,????? ?????? ??????? ????? ????? ????? ????? ???? ???? ????? ???? ?? ?????? ???? ???? ????? ??????? ????? ????? ????. ??????? ??? ?????? ?? ?????? ?? ????? ???.,2007-06-01 00:00:00.000
1749,????? ??????? ?????. ????? ?????? ???? ?????? ????????. ???? ??? ?? ?????? ??????? ????? ?????? ?? ?? ????????. ???? ?????? ????????? ???? ??? ???? ?????? ??? ????? ????.,2007-06-01 00:00:00.000
1750,?????? ?????? ?????? ???????.,2007-06-01 00:00:00.000
1751,??? ???? ??????.,2007-06-01 00:00:00.000
1752,???? ?????? ????? ?????.,2007-06-01 00:00:00.000
1753,"???? ?????? ??????, ???? ?????? ??????????, ????? ??????? ?????.",2007-06-01 00:00:00.000
1754,?????? ????? ???????? ??? ??? ?????; ?????? ????? ????? ??-??? ???? ???? ??? ??????.,2007-06-01 00:00:00.000
1755,????? ???-??????.,2007-06-01 00:00:00.000
1756,????? ??? ???? ??????? ????? ????? ????? ????.,2007-06-01 00:00:00.000
1757,???? ???? ????? ?? ????? ???? ????? ??????????.,2007-06-01 00:00:00.000
1758,???? ???? ????? ?? ?????? ????? ???????? ??????.,2007-06-01 00:00:00.000
1759,?????? ????? ????? ???? ?????? ?????????? ????? ?????? ??? ??? ?????? ?????? ML ??????????.,2007-06-01 00:00:00.000
1760,????? ?- ML ??? ????? ????????? ????? ???? ??????? ????? ????? ?????? ??? ?????? HL ????. ??? ????? ??????? ??????. ????? ??????.,2007-06-01 00:00:00.000
1761,????? ?- ML ??? ????? ????????? ????? ???? ??????? ????? ????? ?????? ??? ?????? HL ????. ??? ????? ??????? ??????. ????? ?????.,2007-06-01 00:00:00.000
1763,????? ????? ???? ?????? ????? ????? – ????? ??????? ????? AAA,2007-06-01 00:00:00.000
1764,???? ?????????? ?? ???? ???? ?????? ?????? ????; ????? ???? ????? ??????? ??????.,2007-06-01 00:00:00.000
1765,????? ??? ?????? AWC – ???? 850 ???; ???? ???? ?????.,2007-06-01 00:00:00.000
1766,???? 4 ????? ??????? ?????; ???? ????; ????? ????? ???? ?? 2 ????'.,2007-06-01 00:00:00.000
1767,?????? ??????? ???????? ???? ??????? ?????? ?????.,2007-06-01 00:00:00.000
1768,"?? ????? ?????? ????? ????? ???? ?- Bothell, ????? ????? ????? ????? ??????????? ??????? ?????? ????? ????? ?????? ?????. ?????? ?????????? ??????? ??????? ????, ?? ????? ????? ???? ???? ????? ?? ??????.",2007-06-01 00:00:00.000
1770,"????? ?- ML, ?????? ?????? ????????? ??? ??? ?????? ????? ????? HL ???? ?????? ????, ???????? ???? ?????? ??? ???? ?????? ????? ?????? ????? ????? ????????. ????? ?????.",2007-06-01 00:00:00.000
1771,???? ????? ?????? ????? ????? ??????.,2007-06-01 00:00:00.000
1772,???? ????? ?????? ????? ????? ????? ???????.,2007-06-01 00:00:00.000
1773,???? ????? ???? ??????? ?????? ?????.,2007-06-01 00:00:00.000
1774,???? ????? ???? ?????? ???? ????? ??????.,2007-06-01 00:00:00.000
1775,?????? ????? ??????? ?? ?????? ?????? ????? ?? ???? ?????.,2007-06-01 00:00:00.000
1776,???? ??? ?? ????? ??? ????? ?????.,2007-06-01 00:00:00.000
1777,??????? ????????????? ?????? ????.,2007-06-01 00:00:00.000
1778,????? ??? ???? ?????? ???? ????????.,2007-06-01 00:00:00.000
1779,????? ?????? ??????? ????????? ?????? ?????.,2007-06-01 00:00:00.000
1780,???? ????? ????? ????? ???? ????? ???????.,2007-06-01 00:00:00.000
1781,???? ??????? ????? ???? ??? ???? ?????? ????????.,2007-06-01 00:00:00.000
1782,????? ????????? ????? ??????? ????? ??????? ?????? ??? ????.,2007-06-01 00:00:00.000
1783,????? ?????? ???????; ???? ??????? ??????? ????? ??????? ??????? ?????????.,2007-06-01 00:00:00.000
1784,???? ??????? ??????? ??????? ????? ??????.,2007-06-01 00:00:00.000
1785,???? ????????? ??? ?? ?? ??? ????? ?????? ??????? ??????.,2007-06-01 00:00:00.000
1786,???? ????? ????? ????? ????? ????? ??????.,2007-06-01 00:00:00.000
1787,???? ????? ????? ???? ?????.,2007-06-01 00:00:00.000
1788,???? ????? ????? ????? 1 ????' ?? ??? ???? ????? ?????.,2007-06-01 00:00:00.000
1789,???? ?????? ????? ?????? ?????? ??? ???? ??????; ????? ?????? ??? ????.,2007-06-01 00:00:00.000
1790,????? ????? ????? ????? ?? ???? ???????.,2007-06-01 00:00:00.000
1791,???? ??-???; ????? ????? ??? ?????.,2007-06-01 00:00:00.000
1792,?????? ??? ????? – ?????????.,2007-06-01 00:00:00.000
1793,???? ?????? ????????? ?? ????.,2007-06-01 00:00:00.000
1794,?????? ?????? ????? ?????? ??????? ?? ???? ???????.,2007-06-01 00:00:00.000
1795,????? ????? ??????? ?????? ????? ?? ????.,2007-06-01 00:00:00.000
1796,?????? ?????? ????; ????? ?????????? ?????.,2007-06-01 00:00:00.000
1797,???? ????????? ?- 10 ???????? ?? ????? ????? ?????.,2007-06-01 00:00:00.000
1799,???? ????? ????? ?????? ????? ????? ??????.,2007-06-01 00:00:00.000
1800,???? ????? ????? ?????? ????? ????? ????? ???????.,2007-06-01 00:00:00.000
1801,??????? ????? ?????? ???????? ??????.,2007-06-01 00:00:00.000
1802,???? ????? ????? ????? ??????.,2007-06-01 00:00:00.000
1803,????? ??????? ????????? ?? ??????? ????? ??-???; ?????? ???????.,2007-06-01 00:00:00.000
1804,???? ????? ??? ?? ????? ??? ????? ?????.,2007-06-01 00:00:00.000
1805,??????? ????????????? ??????? ??????? ????? ????.,2007-06-01 00:00:00.000
1806,??? ???????. ??????? ??'? ?????? ??????.,2007-06-01 00:00:00.000
1807,????? ?????? ???????.,2008-03-11 10:32:17.973
1808,????? ?????? ?????? ???? ????? ?? ????. ??? ????.,2007-06-01 00:00:00.000
1809,???? ??-???? ????? ????.,2007-06-01 00:00:00.000
1810,????? ???? ??????? ?????.,2007-06-01 00:00:00.000
1811,???? Kevlar ??-???? ???????. ???.,2007-06-01 00:00:00.000
1812,???? ?'? ??? ??? ????? ????????.,2007-06-01 00:00:00.000
1813,????? ??? ????? ??? ??????? ??????.,2007-06-01 00:00:00.000
1814,????? ????? ?????? ???? ????.,2007-06-01 00:00:00.000
1815,"????? ???? ???? ????? ?????? ?????????, ????? ???? ???? ???? ????.",2007-06-01 00:00:00.000
1816,"????? ???? ?????, ???? ??????? ?????.",2007-06-01 00:00:00.000
1817,????? ???? ??? ????; ????? ??-???? ?????.,2007-06-01 00:00:00.000
1818,"????? ???? ???? ???? ??????? ??????? ????? ????, ???? ?? ????? ???? ???? ???? ????.",2007-06-01 00:00:00.000
1819,???? ??????? ????? ???? ???? ????? ?????.,2007-06-01 00:00:00.000
1820,??-???? ????? ????? ?????? ???? ???? ?????? ??? ?????.,2007-06-01 00:00:00.000
1821,???? ??????? ?????.,2007-06-01 00:00:00.000
1822,?????? ?? ????? ?????.,2007-06-01 00:00:00.000
1823,?????? ???????????? ??? ????.,2007-06-01 00:00:00.000
1824,?????? ?????? ??????.,2007-06-01 00:00:00.000
1825,"????? ?- LL ????? ????? ????? ????? ??? ???, ????? ????? ????? ????? ?? ????? ????????? ????? ????.",2007-06-01 00:00:00.000
1826,"????? ?- ML, ?????? ?????? ????????? ??? ??? ?????? ????? ????? HL ???? ?????? ????, ???????? ???? ?????? ??? ???? ?????? ????? ?????? ????? ????? ????????. ????? ??????.",2007-06-01 00:00:00.000
1827,"????? ?????????? ???? ????????? ????? ???? ????? ???????? ?????? ?????; ?????? ????, ??? ?????? ??????? ????. ?????? ?????? ???? ?? ???? ????? ?????? ????????? ??????.",2007-06-01 00:00:00.000
1828,????? ??? ???? ?????????? ???? ????? ????? ????? ????? ???? ??????? ???? ????. ?????? ?????? ???? ???? ????? ?????.,2007-06-01 00:00:00.000
1829,????? ?- HL ?????????? ?????? ?????? ?? ????? ??? ??? ?????; ??? ????? ??????? ???????? ????? ?? ????? ????????. ????? ??????.,2007-06-01 00:00:00.000
1830,????? ?? ????? ?????? ????????? ???? ??? ????? ????? ?? ?????? ?????.,2007-06-01 00:00:00.000
1831,????? ?????? ??????. ????? ????. ???? ?????????. 160 psi ??????.,2007-06-01 00:00:00.000
1832,"????? ???? ?????? ?? AWC ?? ?????? ?????, ???? ????, ????? ???? ?? ?????? ???????.",2007-06-01 00:00:00.000
1833,???? ?????? ???? ????? ???? ?? ???? ???. ???? ????? ?????? ???????.,2007-06-01 00:00:00.000
1834,"????? ???, ?????? ????? ?????? ???????, ?????? ????? ?? ???, ????? ????? ??????.",2007-06-01 00:00:00.000
1835,"???? ?? ?? ????? ??????, ?????? ??????, ??? ????? ???? ??????. ???? ??-??? ????? ????? AWC.",2007-06-01 00:00:00.000
1836,"??????? ????? ??????? ??????, ????? ????? ????????? ???? ????? ??????? ???? ????? ???? ?? ????-???????? ?????? ?????.",2007-06-01 00:00:00.000
1837,"???? 8 ????? ?????? ?????, ??? ????? ??????.",2007-06-01 00:00:00.000
1838,"??-????, ??? ????, ????? ????? ?????? ????.",2007-06-01 00:00:00.000
1839,"????? ????? ????? ????????, 8 ????? – ?????? ?????? ?? ????? ?????? ?????? ??????.",2007-06-01 00:00:00.000
1840,???? ??-?????? ???????? ?????? ??????? ??????? ??????? ????. ?????? ?????? ????? ????? ????.,2007-06-01 00:00:00.000
1841,??? ????-????? ????? ?????? ?????.,2007-06-01 00:00:00.000
1842,??? ???? ????? ????.,2007-06-01 00:00:00.000
1843,"???? ?????,????, ????? ???, ?? ???? ???? ?????, ????? ???? ?????? ???? ??.",2007-06-01 00:00:00.000
1844,???? ???-????. ???? ????? ???????? ?????.,2007-06-01 00:00:00.000
1845,"??, ??-???? ?????, ?? ????? ??????? ??????.",2007-06-01 00:00:00.000
1846,???? ????????? ??? ???? ?? ?????? ???? ???.,2007-06-01 00:00:00.000
1847,????? ?????? ?? ?????? ???????; ???? ??? ????? ?????.,2007-06-01 00:00:00.000
1848,"???? ??????, ????? ????, ???????, ???? microfiber ?????? AWC.",2007-06-01 00:00:00.000
1850,"???? ?????????, ??????? ????, ???-????, ?? ?????? ??????.",2007-06-01 00:00:00.000
1851,"???? 2 ???? ??-?????? ?????? ???? ???? ????? ????, ???? ??? ?????? ?????? ???????.",2007-06-01 00:00:00.000
1852,????? ?????? ?????? ????? ?????? ??????; ??? ?? ???? ????? ????? ??????? ??????.,2007-06-01 00:00:00.000
1853,"?????? ????? ????? ?????? ????; ??? ??????, ???? ??????. ????? ?? 1 ????.",2007-06-01 00:00:00.000
1854,"???? ?????? ????? ???? ??????, ???? ???? ?????? ??????.",2007-06-01 00:00:00.000
1855,???,2007-06-01 00:00:00.000
1856,?????;???????,2007-06-01 00:00:00.000
1857,??????????,2007-06-01 00:00:00.000
1858,"?????????,??????????????????,???????????,?????",2007-06-01 00:00:00.000
1859,"?????????????????????,???????????",2007-06-01 00:00:00.000
1860,"???????????????????,??????,??????,????????,??????!",2007-06-01 00:00:00.000
1861,????????????????????????????? Mountain-100 ??? HL ???,2007-06-01 00:00:00.000
1862,"?????????????????,????? HL ???????????????????????????",2007-06-01 00:00:00.000
1863,"???????????????????,???????",2007-06-01 00:00:00.000
1864,????????;????????????????????????,2007-06-01 00:00:00.000
1865,"????????,?????????????????????????????????????????",2007-06-01 00:00:00.000
1866,"??????????????????????,????????????????????,?????????????",2007-06-01 00:00:00.000
1867,"???????????????????????????????,?????????????",2007-06-01 00:00:00.000
1868,"??????????,????,??????????????????????????,???????????????????",2007-06-01 00:00:00.000
1869,"????????????????,?????????????????????????????????????????",2007-06-01 00:00:00.000
1870,"??????????,????????????,?????????????????????????????????????????",2007-06-01 00:00:00.000
1871,"??????????????,???????????????????",2007-06-01 00:00:00.000
1872,"??????????????????? Adventure Works Cycles ?????????,????????????????,?????????????",2007-06-01 00:00:00.000
1873,"????????,?????????????????????????,????????????",2007-06-01 00:00:00.000
1874,"???????,?????????,??????????????????????????????????????????",2007-06-01 00:00:00.000
1875,"??????????????,?????????????????,??????????????????????,????,?????",2007-06-01 00:00:00.000
1876,????????,2007-06-01 00:00:00.000
1877,?????????,2007-06-01 00:00:00.000
1878,???????,2007-06-01 00:00:00.000
1879,????;????;?????,2007-06-01 00:00:00.000
1880,??????;???????????????????????,2007-06-01 00:00:00.000
1882,??????,2007-06-01 00:00:00.000
1883,????????????????????,2007-06-01 00:00:00.000
1884,??????????????????,2007-06-01 00:00:00.000
1885,?????????????????,2007-06-01 00:00:00.000
1886,"??? ML ??????????????,?????",2007-06-01 00:00:00.000
1887,"ML ?????????????,?????????? HL ?????????????????????",2007-06-01 00:00:00.000
1888,"ML ?????????????,?????????? HL ?????????????????????",2007-06-01 00:00:00.000
1889,"??????????? Bothell ????????,?????????????????????????????????????????????????",2007-06-01 00:00:00.000
1890,"ML ?????????? HL ??????????,??????????????????????????????????",2007-06-01 00:00:00.000
1891,?????????????????,2007-06-01 00:00:00.000
1892,???????????????????,2007-06-01 00:00:00.000
1893,???????????,2007-06-01 00:00:00.000
1894,??????????????????,2007-06-01 00:00:00.000
1895,?????????????,2007-06-01 00:00:00.000
1896,????????????,2007-06-01 00:00:00.000
1897,"????????????,???????",2007-06-01 00:00:00.000
1898,?????????????,2007-06-01 00:00:00.000
1899,???????????????????,2007-06-01 00:00:00.000
1900,"????????,??????????",2007-06-01 00:00:00.000
1901,?????????????????,2007-06-01 00:00:00.000
1903,?????????????????????,2007-06-01 00:00:00.000
1904,???????;?????????????????,2007-06-01 00:00:00.000
1905,??????????????????????,2007-06-01 00:00:00.000
1906,?????????????????,2007-06-01 00:00:00.000
1907,?????????????????????,2007-06-01 00:00:00.000
1908,"???????,?????",2007-06-01 00:00:00.000
1909,"??????????????????,????????",2007-06-01 00:00:00.000
1910,???????????????;????????,2007-06-01 00:00:00.000
1911,????????????????,2007-06-01 00:00:00.000
1912,?????;?????,2007-06-01 00:00:00.000
1913,?????? – ???,2007-06-01 00:00:00.000
1914,????????,2007-06-01 00:00:00.000
1915,??????????????,2007-06-01 00:00:00.000
1916,"????,????????",2007-06-01 00:00:00.000
1918,???????;?????????,2007-06-01 00:00:00.000
1919,?????????? 10 ???????,2007-06-01 00:00:00.000
1920,??????????????????,2007-06-01 00:00:00.000
1921,????????????????????,2007-06-01 00:00:00.000
1922,????????????,2007-06-01 00:00:00.000
1923,???????????????,2007-06-01 00:00:00.000
1924,????????????;?????????,2007-06-01 00:00:00.000
1925,????????????,2007-06-01 00:00:00.000
1926,??????????????????????,2007-06-01 00:00:00.000
1927,"?????????,??????",2007-06-01 00:00:00.000
1928,"????,?????",2007-06-01 00:00:00.000
1929,?????????????????????????????,2007-06-01 00:00:00.000
1930,??????????,2007-06-01 00:00:00.000
1931,???????????,2007-06-01 00:00:00.000
1932,????????????????????,2007-06-01 00:00:00.000
1933,?????????????????,2007-06-01 00:00:00.000
1934,????????????????,2007-06-01 00:00:00.000
1935,"?????,????????",2007-06-01 00:00:00.000
1936,"????????????,??????????????",2007-06-01 00:00:00.000
1937,??????????????,2007-06-01 00:00:00.000
1938,??????;??????????,2007-06-01 00:00:00.000
1939,"????????????,?????????????????",2007-06-01 00:00:00.000
1940,?????????????,2007-06-01 00:00:00.000
1941,"?????????,??????,?????????",2007-06-01 00:00:00.000
1942,??????,2007-06-01 00:00:00.000
1943,?????,2007-06-01 00:00:00.000
1944,?????????,2007-06-01 00:00:00.000
1945,??????,2007-06-01 00:00:00.000
1946,"LL ????????????,????????????????????",2007-06-01 00:00:00.000
1947,"ML ?????????? HL ??????????,??????????????????????????????????",2007-06-01 00:00:00.000
1948,"???????????????????????;????????,?????????????????????????????",2007-06-01 00:00:00.000
1949,"?????????,?????????????????????????????????",2007-06-01 00:00:00.000
1950,"HL ??????????,????????????;??????,????,???????????",2007-06-01 00:00:00.000
1951,"???????,???????? – ???? AAA ??",2007-06-01 00:00:00.000
1952,????????????;???????????,2007-06-01 00:00:00.000
1953,?? AWC ???????? 30 ??;?????,2007-06-01 00:00:00.000
1954,??????????;???;???????????,2007-06-01 00:00:00.000
1955,???????????????,2007-06-01 00:00:00.000
1956,"?????????????,?????????????????",2007-06-01 00:00:00.000
1957,"????,???????????????????????? 160psi?",2007-06-01 00:00:00.000
1958,"?? AWC ?????,????????????????????",2007-06-01 00:00:00.000
1959,????????????????????????????,2007-06-01 00:00:00.000
1960,??????????????????????????,2007-06-01 00:00:00.000
1961,????????????????????????AWC???????,2007-06-01 00:00:00.000
1963,"???????????,????????????,???????",2007-06-01 00:00:00.000
1964,??????????????????,2007-06-01 00:00:00.000
1965,"????,????????",2007-06-01 00:00:00.000
1966,???????????? – ??????????????,2007-06-01 00:00:00.000
1967,"?????????????,??????????????,???????????",2007-06-01 00:00:00.000
1968,?????????,2007-06-01 00:00:00.000
1969,?????????,2007-06-01 00:00:00.000
1970,"??????????????,???????????????????",2007-06-01 00:00:00.000
1971,????????????????,2007-06-01 00:00:00.000
1972,"????,????,???????",2007-06-01 00:00:00.000
1973,???????????????????,2007-06-01 00:00:00.000
1974,"????,????;???",2007-06-01 00:00:00.000
1975,?????? AWC ????????????,2007-06-01 00:00:00.000
1976,"??????????,????????",2007-06-01 00:00:00.000
1977,"??? 70 ?????????,??????????",2007-06-01 00:00:00.000
1978,?????????????????;????????????,2007-06-01 00:00:00.000
1979,"?????????;?????,??????????",2007-06-01 00:00:00.000
1980,"????????????,???????????",2007-06-01 00:00:00.000
1981,Replacement mountain wheel for entry-level rider.,2007-06-01 00:00:00.000
1982,???? ???????? ????? ??????? ?? ?????? ?????? ???????? ?????????.,2007-06-01 00:00:00.000
1983,Roue de secours tout-terrain pour vététiste occasionnel.,2007-06-01 00:00:00.000
1984,???????????????????????????????????????????????,2008-03-11 10:32:17.973
1985,???? ????? ?????? ????? ????? ??????.,2007-06-01 00:00:00.000
1986,?????????????????,2007-06-01 00:00:00.000
1987,Replacement mountain wheel for the casual to serious rider.,2007-06-01 00:00:00.000
1988,???? ???????? ????? ??????? ?? ?????? ????? ???? ????? ?????? ????? ?? ?????? ?????? ??? ?????? ???????.,2007-06-01 00:00:00.000
1989,Roue de secours tout-terrain pour vététiste amateur à confirmé.,2007-06-01 00:00:00.000
1990,??????????????????????????????????????????????????????????,2008-03-11 10:32:17.973
1991,???? ????? ?????? ????? ????? ????? ???????.,2007-06-01 00:00:00.000
1992,???????????????????,2007-06-01 00:00:00.000
1993,High-performance mountain replacement wheel.,2007-06-01 00:00:00.000
1994,???? ???????? ????? ??????? ?? ?????? ????? ??????.,2007-06-01 00:00:00.000
1995,Roue de secours tout-terrain hautes performances.,2007-06-01 00:00:00.000
1996,???????????????????????????????????,2008-03-11 10:32:17.973
1997,???? ????? ???? ??????? ?????? ?????.,2007-06-01 00:00:00.000
1998,???????????,2007-06-01 00:00:00.000
1999,Replacement road rear wheel for entry-level cyclist.,2007-06-01 00:00:00.000
2000,???? ???? ?????? ????? ?????? ???????? ?????????.,2007-06-01 00:00:00.000
2001,Roue avant pour vélo de route pour cycliste occasionnel.,2007-06-01 00:00:00.000
2002,???????????????????????????????????????????????????,2008-03-11 10:32:17.973
2003,???? ????? ???? ?????? ???? ????? ??????.,2007-06-01 00:00:00.000
2004,??????????????????,2007-06-01 00:00:00.000
2005,Wide-link design.,2007-06-01 00:00:00.000
2006,????? ???? ???????.,2007-06-01 00:00:00.000
2007,Conception liaison large.,2007-06-01 00:00:00.000
2008,????????????????????????????,2007-06-01 00:00:00.000
2009,????? ???-??????.,2007-06-01 00:00:00.000
2010,??????,2007-06-01 00:00:00.000
